{
  "meta": {
    "draws": 1228,
    "first_draw": 1,
    "last_draw": 1228,
    "analyzed_at": "2026-07-11T04:01:12",
    "source": "c:\\Users\\user\\Downloads\\로또 회차별 당첨번호_20260617190935.xlsx"
  },
  "frequency": {
    "chi2": 28.283,
    "chi2_p": 0.968366,
    "entropy_ratio": 0.9995,
    "hot_all": [
      [
        34,
        183
      ],
      [
        27,
        181
      ],
      [
        13,
        177
      ],
      [
        12,
        177
      ],
      [
        45,
        175
      ],
      [
        18,
        175
      ],
      [
        33,
        174
      ],
      [
        40,
        172
      ],
      [
        37,
        171
      ],
      [
        14,
        171
      ]
    ],
    "cold_all": [
      [
        42,
        155
      ],
      [
        29,
        154
      ],
      [
        2,
        154
      ],
      [
        5,
        153
      ],
      [
        25,
        152
      ],
      [
        41,
        150
      ],
      [
        23,
        147
      ],
      [
        32,
        144
      ],
      [
        22,
        143
      ],
      [
        9,
        135
      ]
    ],
    "hot_recent_50": [
      [
        27,
        12
      ],
      [
        16,
        11
      ],
      [
        28,
        11
      ],
      [
        41,
        9
      ],
      [
        1,
        9
      ],
      [
        31,
        9
      ],
      [
        15,
        9
      ],
      [
        3,
        8
      ],
      [
        24,
        8
      ],
      [
        23,
        8
      ]
    ],
    "cold_recent_50": [
      [
        43,
        2
      ],
      [
        11,
        3
      ],
      [
        34,
        3
      ],
      [
        14,
        4
      ],
      [
        21,
        4
      ],
      [
        7,
        4
      ],
      [
        42,
        4
      ],
      [
        12,
        5
      ],
      [
        22,
        5
      ],
      [
        2,
        5
      ]
    ]
  },
  "half_drift_top10": [
    [
      20,
      -0.010043431053203038
    ],
    [
      40,
      -0.00814332247557003
    ],
    [
      16,
      0.006514657980456029
    ],
    [
      5,
      -0.006243213897937024
    ],
    [
      21,
      0.0059717698154180265
    ],
    [
      28,
      0.005428881650380021
    ],
    [
      6,
      0.005157437567861023
    ],
    [
      37,
      -0.005157437567861023
    ],
    [
      38,
      0.005157437567861023
    ],
    [
      25,
      -0.004885993485342018
    ]
  ],
  "gaps": {
    "avg_gap_by_number_top10": [
      [
        9,
        9.13
      ],
      [
        32,
        8.54
      ],
      [
        22,
        8.51
      ],
      [
        23,
        8.32
      ],
      [
        41,
        8.2
      ],
      [
        25,
        8.1
      ],
      [
        29,
        8.02
      ],
      [
        42,
        7.94
      ],
      [
        2,
        7.93
      ],
      [
        5,
        7.84
      ]
    ],
    "overdue_top10": [
      [
        12,
        26
      ],
      [
        37,
        19
      ],
      [
        7,
        18
      ],
      [
        40,
        17
      ],
      [
        5,
        15
      ],
      [
        38,
        15
      ],
      [
        23,
        12
      ],
      [
        10,
        11
      ],
      [
        3,
        10
      ],
      [
        15,
        9
      ]
    ]
  },
  "draw_features": {
    "sum_mean": 138.29,
    "sum_stdev": 30.8,
    "odd_mean": 3.072,
    "max_consec_mean": 1.577,
    "zone_distribution": {
      "0": 1594,
      "2": 1587,
      "3": 1672,
      "1": 1708,
      "4": 807
    },
    "autocorr_sum_lag1": 0.0081,
    "monte_carlo": {
      "sum": {
        "real_mean": 138.2858,
        "sim_mean": 138.0037,
        "sim_p05": 136.5953,
        "sim_p95": 139.4015,
        "empirical_p_greater": 0.3776
      },
      "odd_count": {
        "real_mean": 3.0725,
        "sim_mean": 3.0659,
        "sim_p05": 3.0122,
        "sim_p95": 3.1181,
        "empirical_p_greater": 0.4306
      },
      "max_consec": {
        "real_mean": 1.5765,
        "sim_mean": 1.5892,
        "sim_p05": 1.5603,
        "sim_p95": 1.6181,
        "empirical_p_greater": 0.776
      },
      "zone_spread": {
        "real_mean": 3.7215,
        "sim_mean": 3.7319,
        "sim_p05": 3.6987,
        "sim_p95": 3.7638,
        "empirical_p_greater": 0.708
      }
    }
  },
  "cooccurrence": {
    "expected_pair_per_combo_approx": 18.61,
    "top_pairs": [
      [
        [
          11,
          21
        ],
        34
      ],
      [
        [
          33,
          40
        ],
        33
      ],
      [
        [
          6,
          38
        ],
        31
      ],
      [
        [
          1,
          28
        ],
        30
      ],
      [
        [
          10,
          31
        ],
        30
      ],
      [
        [
          12,
          24
        ],
        30
      ],
      [
        [
          37,
          40
        ],
        29
      ],
      [
        [
          19,
          21
        ],
        29
      ],
      [
        [
          14,
          15
        ],
        29
      ],
      [
        [
          3,
          13
        ],
        29
      ]
    ],
    "top_triples": [
      [
        [
          33,
          37,
          40
        ],
        8
      ],
      [
        [
          3,
          8,
          27
        ],
        8
      ],
      [
        [
          1,
          3,
          27
        ],
        8
      ],
      [
        [
          3,
          20,
          44
        ],
        8
      ],
      [
        [
          12,
          33,
          40
        ],
        7
      ],
      [
        [
          6,
          37,
          38
        ],
        7
      ],
      [
        [
          3,
          12,
          13
        ],
        7
      ],
      [
        [
          23,
          35,
          43
        ],
        7
      ],
      [
        [
          17,
          26,
          36
        ],
        7
      ],
      [
        [
          6,
          18,
          38
        ],
        7
      ]
    ]
  },
  "runs_test_sample": {
    "7": {
      "z": -0.003940824760622626,
      "p": 0.9968556849052594
    },
    "13": {
      "z": -0.11297725593797013,
      "p": 0.9100485868822488
    },
    "27": {
      "z": -0.7551886016077705,
      "p": 0.450135826848721
    },
    "33": {
      "z": -0.668472491049258,
      "p": 0.5038320359273687
    },
    "42": {
      "z": 0.9235715647087642,
      "p": 0.35570942431487307
    }
  },
  "bonus_top10": [
    [
      2,
      36
    ],
    [
      4,
      35
    ],
    [
      43,
      35
    ],
    [
      6,
      34
    ],
    [
      32,
      34
    ],
    [
      1,
      33
    ],
    [
      17,
      33
    ],
    [
      24,
      33
    ],
    [
      30,
      32
    ],
    [
      26,
      32
    ]
  ]
}